{"homebrew_version":"2.3.0-6-ga829fef","used_options":[],"unused_options":[],"built_as_bottle":true,"poured_from_bottle":true,"installed_as_dependency":false,"installed_on_request":true,"changed_files":["INSTALL_RECEIPT.json"],"time":1595162060,"source_modified_time":1590596806,"HEAD":null,"stdlib":null,"compiler":"clang","aliases":[],"runtime_dependencies":[{"full_name":"aom","version":"2.0.0"},{"full_name":"dav1d","version":"0.7.1"},{"full_name":"libpng","version":"1.6.37"},{"full_name":"freetype","version":"2.10.2"},{"full_name":"fontconfig","version":"2.13.1"},{"full_name":"frei0r","version":"1.7.0"},{"full_name":"gmp","version":"6.2.0"},{"full_name":"gettext","version":"0.20.2"},{"full_name":"libunistring","version":"0.9.10"},{"full_name":"libidn2","version":"2.3.0"},{"full_name":"libtasn1","version":"4.16.0"},{"full_name":"nettle","version":"3.6"},{"full_name":"libffi","version":"3.3"},{"full_name":"p11-kit","version":"0.23.20"},{"full_name":"openssl@1.1","version":"1.1.1g"},{"full_name":"libevent","version":"2.1.12"},{"full_name":"unbound","version":"1.10.1"},{"full_name":"gnutls","version":"3.6.14"},{"full_name":"lame","version":"3.100"},{"full_name":"fribidi","version":"1.0.10"},{"full_name":"pcre","version":"8.44"},{"full_name":"gdbm","version":"1.18.1"},{"full_name":"readline","version":"8.0.4"},{"full_name":"sqlite","version":"3.32.3"},{"full_name":"xz","version":"5.2.5"},{"full_name":"python@3.8","version":"3.8.4"},{"full_name":"glib","version":"2.64.4"},{"full_name":"lzo","version":"2.10"},{"full_name":"pixman","version":"0.40.0"},{"full_name":"cairo","version":"1.16.0"},{"full_name":"graphite2","version":"1.3.14"},{"full_name":"icu4c","version":"67.1"},{"full_name":"harfbuzz","version":"2.6.8"},{"full_name":"libass","version":"0.14.0"},{"full_name":"libbluray","version":"1.2.0"},{"full_name":"libsoxr","version":"0.1.3"},{"full_name":"libvidstab","version":"1.1.0"},{"full_name":"libogg","version":"1.3.4"},{"full_name":"libvorbis","version":"1.3.7"},{"full_name":"libvpx","version":"1.8.2"},{"full_name":"opencore-amr","version":"0.1.5"},{"full_name":"jpeg","version":"9d"},{"full_name":"libtiff","version":"4.1.0"},{"full_name":"little-cms2","version":"2.11"},{"full_name":"openjpeg","version":"2.3.1"},{"full_name":"opus","version":"1.3.1"},{"full_name":"rav1e","version":"0.3.3"},{"full_name":"rtmpdump","version":"2.4+20151223"},{"full_name":"flac","version":"1.3.3"},{"full_name":"libsndfile","version":"1.0.29pre2"},{"full_name":"libsamplerate","version":"0.1.9"},{"full_name":"rubberband","version":"1.8.2"},{"full_name":"sdl2","version":"2.0.12"},{"full_name":"snappy","version":"1.1.8"},{"full_name":"speex","version":"1.2.0"},{"full_name":"srt","version":"1.4.1"},{"full_name":"giflib","version":"5.2.1"},{"full_name":"webp","version":"1.1.0"},{"full_name":"leptonica","version":"1.79.0"},{"full_name":"tesseract","version":"4.1.1"},{"full_name":"theora","version":"1.1.1"},{"full_name":"x264","version":"r3011"},{"full_name":"x265","version":"3.4"},{"full_name":"xvid","version":"1.3.7"},{"full_name":"ffmpeg","version":"4.3.1"}],"source":{"path":"/usr/local/Homebrew/Library/Taps/homebrew/homebrew-core/Formula/scrcpy.rb","tap":"homebrew/core","spec":"stable","versions":{"stable":"1.14","devel":"","head":"","version_scheme":0}}}